"login","timestamp"
"test2","Tue Mar 29 10:26:41 2022"
"test3","Tue Mar 29 10:25:29 2022"
"test1","Tue Mar 29 10:25:19 2022"
"test2","Tue Mar 29 10:24:24 2022"
"test1","Tue Mar 29 10:23:14 2022"
"test1","Tue Mar 29 10:22:35 2022"
"test1","Tue Mar 29 10:21:28 2022"
"test1","Tue Mar 29 10:08:14 2022"
"test1","Tue Mar 29 10:07:58 2022"
"test1","Fri Mar 25 13:20:21 2022"
"test1","Fri Mar 25 13:19:53 2022"
"test1","Fri Mar 25 13:18:04 2022"
"test1","Fri Mar 25 13:16:20 2022"
"test1","Fri Mar 25 13:13:59 2022"
"test1","Fri Mar 25 13:07:47 2022"
